{"schemaVersion":"1.0","appDefinitionTemplate":{"id":"/providers/Microsoft.PowerApps/apps/","type":"Microsoft.PowerApps/apps","tags":{"minimumRequiredApiVersion":"2.2.0"},"properties":{"appVersion":"2019-04-24T15:19:31Z","lifeCycleId":"Published","createdByClientVersion":{"major":3,"minor":19043,"build":16,"revision":0,"majorRevision":0,"minorRevision":0},"minClientVersion":{"major":3,"minor":19043,"build":16,"revision":0,"majorRevision":0,"minorRevision":0},"backgroundColor":"rgba(0, 176, 240, 1)","backgroundImageUri":"/17549116981655837771/N79db24c6-bf10-464a-a0ac-a9392a4d6188-logoSmallFile","displayName":"Working Times","description":"","appUris":{"documentUri":{"value":"/17549116981655837771/N43398369-bfb7-42ef-9a2a-738670596390-document.msapp","readonlyValue":"/17549116981655837771/N43398369-bfb7-42ef-9a2a-738670596390-document.msapp"},"imageUris":[]},"createdTime":"0001-01-01T00:00:00Z","lastModifiedTime":"0001-01-01T00:00:00Z","sharedGroupsCount":0,"sharedUsersCount":0,"icons":{"smallIconUri":"/17549116981655837771/N4b067682-c211-4d62-937d-c4744dd7febe-small.png","mediumIconUri":"/17549116981655837771/N2c6b306e-dac8-41b2-b905-5c9a5ed50372-medium.png","largeIconUri":"/17549116981655837771/N2dc1fb67-9375-41d2-a2bb-fb4ef1c3c80c-large.png","wideIconUri":"/17549116981655837771/Nec1f2e3b-59d9-445d-928d-f1eadb43d1b7-wide.png"},"connectionReferences":{},"almMode":"Environment"}}}